-- phpMyAdmin SQL Dump
-- version 5.2.0
-- https://www.phpmyadmin.net/
--
-- Host: 127.0.0.1
-- Waktu pembuatan: 19 Feb 2024 pada 06.44
-- Versi server: 10.4.25-MariaDB
-- Versi PHP: 8.1.10

SET SQL_MODE = "NO_AUTO_VALUE_ON_ZERO";
START TRANSACTION;
SET time_zone = "+00:00";


/*!40101 SET @OLD_CHARACTER_SET_CLIENT=@@CHARACTER_SET_CLIENT */;
/*!40101 SET @OLD_CHARACTER_SET_RESULTS=@@CHARACTER_SET_RESULTS */;
/*!40101 SET @OLD_COLLATION_CONNECTION=@@COLLATION_CONNECTION */;
/*!40101 SET NAMES utf8mb4 */;

--
-- Database: `ukk`
--

-- --------------------------------------------------------

--
-- Struktur dari tabel `log_activity`
--

CREATE TABLE `log_activity` (
  `id` int(11) NOT NULL,
  `user_id` int(11) DEFAULT NULL,
  `activity` text NOT NULL,
  `tanggal_waktu` timestamp NOT NULL DEFAULT current_timestamp()
) ENGINE=InnoDB DEFAULT CHARSET=utf8mb4;

-- --------------------------------------------------------

--
-- Struktur dari tabel `products`
--

CREATE TABLE `products` (
  `id` int(11) NOT NULL,
  `nama_produk` varchar(255) NOT NULL,
  `harga_produk` decimal(10,2) NOT NULL,
  `created_at` timestamp NOT NULL DEFAULT current_timestamp(),
  `updated_at` timestamp NOT NULL DEFAULT current_timestamp() ON UPDATE current_timestamp(),
  `jumlah` int(11) NOT NULL,
  `kode_unik` varchar(20) NOT NULL
) ENGINE=InnoDB DEFAULT CHARSET=utf8mb4;

--
-- Dumping data untuk tabel `products`
--

INSERT INTO `products` (`id`, `nama_produk`, `harga_produk`, `created_at`, `updated_at`, `jumlah`, `kode_unik`) VALUES
(1, 'ASUS A43J', '6000000.00', '2024-02-16 03:30:22', '2024-02-19 04:57:50', 95, 'LT001'),
(4, 'ASUS A43JSA', '6000000.00', '2024-02-16 04:11:29', '2024-02-19 04:57:50', 91, 'LT003');

-- --------------------------------------------------------

--
-- Struktur dari tabel `transaksi`
--

CREATE TABLE `transaksi` (
  `id` int(11) NOT NULL,
  `nama_produk` varchar(255) NOT NULL,
  `harga_produk` int(11) NOT NULL,
  `jumlah` int(11) NOT NULL,
  `kode_unik` varchar(255) NOT NULL,
  `total_harga` int(11) NOT NULL,
  `uang_pelanggan` int(11) NOT NULL,
  `kembalian` int(11) NOT NULL,
  `tanggal_pembuatan` timestamp NOT NULL DEFAULT current_timestamp(),
  `tanggal_modifikasi` timestamp NOT NULL DEFAULT current_timestamp() ON UPDATE current_timestamp()
) ENGINE=InnoDB DEFAULT CHARSET=utf8mb4;

--
-- Dumping data untuk tabel `transaksi`
--

INSERT INTO `transaksi` (`id`, `nama_produk`, `harga_produk`, `jumlah`, `kode_unik`, `total_harga`, `uang_pelanggan`, `kembalian`, `tanggal_pembuatan`, `tanggal_modifikasi`) VALUES
(1, 'ASUS A43J', 6000000, 2, 'LT001', 12000000, 0, 0, '2024-02-16 10:22:45', '2024-02-16 10:22:45'),
(2, 'ASUS A43J', 6000000, 1, 'LT001', 16000000, 0, 0, '2024-02-16 10:33:02', '2024-02-16 10:33:02'),
(3, 'ASUS A43JSA', 10000000, 1, 'LT003', 16000000, 0, 0, '2024-02-16 10:33:02', '2024-02-16 10:33:02'),
(4, 'ASUS A43J', 6000000, 1, 'LT001', 6000000, 0, 0, '2024-02-16 10:41:51', '2024-02-16 10:41:51'),
(5, 'ASUS A43J', 6000000, 1, 'LT001', 16000000, 0, 0, '2024-02-16 10:47:47', '2024-02-16 10:47:47'),
(6, 'ASUS A43JSA', 10000000, 1, 'LT003', 16000000, 0, 0, '2024-02-16 10:47:47', '2024-02-16 10:47:47'),
(7, 'ASUS A43J', 6000000, 1, 'LT001', 16000000, 0, 0, '2024-02-16 10:48:38', '2024-02-16 10:48:38'),
(8, 'ASUS A43JSA', 10000000, 1, 'LT003', 16000000, 0, 0, '2024-02-16 10:48:38', '2024-02-16 10:48:38'),
(9, 'ASUS A43JSA', 10000000, 1, 'LT003', 10000000, 0, 0, '2024-02-16 10:48:56', '2024-02-16 10:48:56'),
(10, 'ASUS A43J', 6000000, 1, 'LT001', 0, 0, 0, '2024-02-16 10:53:53', '2024-02-16 10:53:53'),
(11, 'ASUS A43JSA', 10000000, 1, 'LT003', 0, 0, 0, '2024-02-16 10:53:53', '2024-02-16 10:53:53'),
(12, 'ASUS A43J', 6000000, 1, 'LT001', 0, 0, 0, '2024-02-16 10:54:26', '2024-02-16 10:54:26'),
(13, 'ASUS A43J', 6000000, 1, 'LT001', 0, 0, 0, '2024-02-16 10:58:51', '2024-02-16 10:58:51'),
(14, 'ASUS A43J', 6000000, 1, 'LT001', 0, 0, 0, '2024-02-16 10:59:12', '2024-02-16 10:59:12'),
(15, 'ASUS A43JSA', 10000000, 1, 'LT003', 0, 0, 0, '2024-02-16 10:59:12', '2024-02-16 10:59:12'),
(16, 'ASUS A43J', 6000000, 1, 'LT001', 0, 0, 0, '2024-02-16 11:00:19', '2024-02-16 11:00:19'),
(17, 'ASUS A43JSA', 10000000, 1, 'LT003', 0, 0, 0, '2024-02-16 11:00:19', '2024-02-16 11:00:19'),
(18, 'ASUS A43J', 6000000, 2, 'LT001', 0, 0, 0, '2024-02-16 11:04:22', '2024-02-16 11:04:22'),
(19, 'ASUS A43J', 6000000, 1, 'LT001', 0, 0, 0, '2024-02-16 11:05:52', '2024-02-16 11:05:52'),
(20, 'ASUS A43JSA', 10000000, 1, 'LT003', 0, 0, 0, '2024-02-16 11:05:52', '2024-02-16 11:05:52'),
(21, 'ASUS A43J', 6000000, 3, 'LT001', 0, 0, 0, '2024-02-16 11:08:02', '2024-02-16 11:08:02'),
(22, 'ASUS A43J', 6000000, 1, 'LT001', 0, 0, 0, '2024-02-16 11:08:54', '2024-02-16 11:08:54'),
(23, 'ASUS A43J', 6000000, 1, 'LT001', 0, 0, 0, '2024-02-16 11:12:23', '2024-02-16 11:12:23'),
(24, 'ASUS A43JSA', 10000000, 1, 'LT003', 0, 0, 0, '2024-02-16 11:12:23', '2024-02-16 11:12:23'),
(25, 'ASUS A43J', 6000000, 1, 'LT001', 0, 0, 0, '2024-02-16 11:13:59', '2024-02-16 11:13:59'),
(26, 'ASUS A43JSA', 10000000, 1, 'LT003', 0, 0, 0, '2024-02-16 11:13:59', '2024-02-16 11:13:59'),
(27, 'ASUS A43JSA', 10000000, 2, 'LT003', 0, 0, 0, '2024-02-16 11:14:20', '2024-02-16 11:14:20'),
(28, 'ASUS A43J', 6000000, 1, 'LT001', 0, 0, 0, '2024-02-16 11:16:48', '2024-02-16 11:16:48'),
(29, 'ASUS A43JSA', 10000000, 1, 'LT003', 0, 0, 0, '2024-02-16 11:16:48', '2024-02-16 11:16:48'),
(30, 'ASUS A43J', 6000000, 1, 'LT001', 0, 0, 0, '2024-02-16 11:18:56', '2024-02-16 11:18:56'),
(31, 'ASUS A43J', 6000000, 1, 'LT001', 0, 0, 0, '2024-02-16 11:22:18', '2024-02-16 11:22:18'),
(32, 'ASUS A43JSA', 10000000, 1, 'LT003', 0, 0, 0, '2024-02-16 11:22:18', '2024-02-16 11:22:18'),
(33, 'ASUS A43J', 6000000, 2, 'LT001', 0, 0, 0, '2024-02-16 11:23:48', '2024-02-16 11:23:48'),
(34, 'ASUS A43J', 6000000, 1, 'LT001', 0, 0, 0, '2024-02-16 11:25:33', '2024-02-16 11:25:33'),
(35, 'ASUS A43JSA', 10000000, 1, 'LT003', 0, 0, 0, '2024-02-16 11:25:59', '2024-02-16 11:25:59'),
(36, 'ASUS A43J', 6000000, 1, 'LT001', 0, 0, 0, '2024-02-16 11:25:59', '2024-02-16 11:25:59'),
(37, 'ASUS A43J', 6000000, 2, 'LT001', 0, 0, 0, '2024-02-16 11:27:28', '2024-02-16 11:27:28'),
(38, 'ASUS A43J', 6000000, 1, 'LT001', 0, 0, 0, '2024-02-16 11:30:42', '2024-02-16 11:30:42'),
(39, 'ASUS A43J', 6000000, 1, 'LT001', 0, 0, 0, '2024-02-16 11:32:38', '2024-02-16 11:32:38'),
(40, 'ASUS A43JSA', 10000000, 2, 'LT003', 0, 1000000000, 980000000, '2024-02-16 11:41:09', '2024-02-16 11:41:09'),
(41, 'ASUS A43J', 6000000, 2, 'LT001', 0, 100000000, 88000000, '2024-02-16 11:50:32', '2024-02-16 11:50:32'),
(42, 'ASUS A43JSA', 10000000, 2, 'LT003', 0, 1000000000, 980000000, '2024-02-16 11:55:58', '2024-02-16 11:55:58'),
(43, 'ASUS A43JSA', 10000000, 1, 'LT003', 0, 100000000, 84000000, '2024-02-16 11:56:55', '2024-02-16 11:56:55'),
(44, 'ASUS A43J', 6000000, 1, 'LT001', 0, 100000000, 84000000, '2024-02-16 11:56:55', '2024-02-16 11:56:55'),
(45, 'ASUS A43J', 6000000, 1, 'LT001', 6000000, 100000000, 84000000, '2024-02-16 12:02:02', '2024-02-16 12:02:02'),
(46, 'ASUS A43JSA', 10000000, 1, 'LT003', 10000000, 100000000, 84000000, '2024-02-16 12:02:02', '2024-02-16 12:02:02'),
(47, 'ASUS A43J', 6000000, 1, 'LT001', 6000000, 100000000, 84000000, '2024-02-16 12:27:56', '2024-02-16 12:27:56'),
(48, 'ASUS A43JSA', 10000000, 1, 'LT003', 10000000, 100000000, 84000000, '2024-02-16 12:27:56', '2024-02-16 12:27:56'),
(49, 'ASUS A43J', 6000000, 1, 'LT001', 6000000, 100000000, 84000000, '2024-02-16 12:31:45', '2024-02-16 12:31:45'),
(50, 'ASUS A43JSA', 10000000, 1, 'LT003', 10000000, 100000000, 84000000, '2024-02-16 12:31:45', '2024-02-16 12:31:45'),
(51, 'ASUS A43J', 6000000, 3, 'LT001', 18000000, 100000000, 82000000, '2024-02-16 12:35:03', '2024-02-16 12:35:03'),
(52, 'ASUS A43J', 6000000, 2, 'LT001', 12000000, 100000000, 88000000, '2024-02-16 12:39:25', '2024-02-16 12:39:25'),
(53, 'ASUS A43JSA', 10000000, 2, 'LT003', 20000000, 100000000, 80000000, '2024-02-16 12:40:45', '2024-02-16 12:40:45'),
(54, 'ASUS A43JSA', 10000000, 1, 'LT003', 10000000, 100000000, 90000000, '2024-02-16 12:42:22', '2024-02-16 12:42:22'),
(55, 'ASUS A43J', 6000000, 1, 'LT001', 6000000, 100000000, 94000000, '2024-02-16 12:48:47', '2024-02-16 12:48:47'),
(56, 'ASUS A43JSA', 10000000, 2, 'LT003', 20000000, 1000000000, 980000000, '2024-02-16 12:50:43', '2024-02-16 12:50:43'),
(57, 'ASUS A43JSA', 10000000, 1, 'LT003', 10000000, 1000000000, 990000000, '2024-02-16 12:53:24', '2024-02-16 12:53:24'),
(58, 'ASUS A43JSA', 10000000, 1, 'LT003', 10000000, 1000000000, 984000000, '2024-02-16 12:59:11', '2024-02-16 12:59:11'),
(59, 'ASUS A43J', 6000000, 1, 'LT001', 6000000, 1000000000, 984000000, '2024-02-16 12:59:11', '2024-02-16 12:59:11'),
(60, 'ASUS A43J', 6000000, 1, 'LT001', 6000000, 100000000, 84000000, '2024-02-16 12:59:49', '2024-02-16 12:59:49'),
(61, 'ASUS A43JSA', 10000000, 1, 'LT003', 10000000, 100000000, 84000000, '2024-02-16 12:59:49', '2024-02-16 12:59:49'),
(62, '', 0, 0, '', 0, 100000000, 84000000, '2024-02-16 13:08:26', '2024-02-16 13:08:26'),
(63, '', 0, 0, '', 0, 100000000, 84000000, '2024-02-16 13:10:56', '2024-02-16 13:10:56'),
(64, '', 0, 0, '', 0, 100000000, 84000000, '2024-02-16 13:12:45', '2024-02-16 13:12:45'),
(65, '', 0, 0, '', 16000000, 100000000, 84000000, '2024-02-16 13:24:35', '2024-02-16 13:24:35'),
(66, '', 0, 0, '', 0, 100000000, 84000000, '2024-02-16 13:27:17', '2024-02-16 13:27:17'),
(67, '', 0, 0, '', 0, 100000000, 78000000, '2024-02-16 13:27:53', '2024-02-16 13:27:53'),
(68, '', 0, 0, '', 0, 100000009, 72000009, '2024-02-16 13:37:17', '2024-02-16 13:37:17'),
(69, '', 0, 0, '', 0, 100000008, 84000008, '2024-02-16 13:43:03', '2024-02-16 13:43:03'),
(70, '', 0, 0, '', 0, 1000000088, 984000088, '2024-02-16 13:55:01', '2024-02-16 13:55:01'),
(71, '', 0, 0, '', 0, 100000007, 84000007, '2024-02-16 13:58:01', '2024-02-16 13:58:01'),
(72, 'ASUS A43J', 6000000, 1, 'LT001', 6000000, 0, 0, '2024-02-16 13:58:01', '2024-02-16 13:58:01'),
(73, 'ASUS A43JSA', 10000000, 1, 'LT003', 10000000, 0, 0, '2024-02-16 13:58:01', '2024-02-16 13:58:01'),
(74, '', 0, 0, '', 0, 1000000088, 984000088, '2024-02-19 02:09:56', '2024-02-19 02:09:56'),
(75, 'ASUS A43J', 6000000, 1, 'LT001', 6000000, 0, 0, '2024-02-19 02:09:56', '2024-02-19 02:09:56'),
(76, 'ASUS A43JSA', 10000000, 1, 'LT003', 10000000, 0, 0, '2024-02-19 02:09:56', '2024-02-19 02:09:56'),
(77, '', 0, 0, '', 0, 100000008, 84000008, '2024-02-19 02:31:42', '2024-02-19 02:31:42'),
(78, '', 0, 0, '', 0, 100000009, 74000009, '2024-02-19 02:38:18', '2024-02-19 02:38:18'),
(79, '', 0, 0, '', 0, 100000008, 84000008, '2024-02-19 02:42:31', '2024-02-19 02:42:31'),
(80, '', 0, 0, '', 0, 100000000, 90000000, '2024-02-19 02:43:31', '2024-02-19 02:43:31'),
(81, '', 0, 0, '', 0, 100000007, 90000007, '2024-02-19 02:46:27', '2024-02-19 02:46:27'),
(82, '', 0, 0, '', 0, 100000007, 90000007, '2024-02-19 02:50:10', '2024-02-19 02:50:10'),
(83, '', 0, 0, '', 16000000, 100000009, 84000009, '2024-02-19 03:00:26', '2024-02-19 03:00:26'),
(84, '', 0, 0, '', 200000000, 1000000000, 800000000, '2024-02-19 03:05:05', '2024-02-19 03:05:05'),
(85, '', 0, 0, '', 200000000, 1000000000, 800000000, '2024-02-19 03:11:37', '2024-02-19 03:11:37'),
(86, '', 0, 0, '', 12000000, 1000000088, 988000088, '2024-02-19 03:31:35', '2024-02-19 03:31:35'),
(87, '', 0, 0, '', 12000000, 100000007, 88000007, '2024-02-19 03:32:46', '2024-02-19 03:32:46'),
(88, '', 0, 0, '', 12000000, 100000007, 88000007, '2024-02-19 03:37:58', '2024-02-19 03:37:58'),
(89, '', 0, 0, '', 18000000, 100000008, 82000008, '2024-02-19 03:41:06', '2024-02-19 03:41:06'),
(90, '', 0, 0, '', 12000000, 100000009, 88000009, '2024-02-19 04:48:03', '2024-02-19 04:48:03'),
(91, '', 0, 0, '', 6000000, 100000008, 94000008, '2024-02-19 04:48:21', '2024-02-19 04:48:21'),
(92, '', 0, 0, '', 12000000, 100000000, 88000000, '2024-02-19 04:57:50', '2024-02-19 04:57:50');

-- --------------------------------------------------------

--
-- Struktur dari tabel `transaksi_produk`
--

CREATE TABLE `transaksi_produk` (
  `id` int(11) NOT NULL,
  `id_transaksi` int(11) NOT NULL,
  `nama_produk` varchar(255) NOT NULL,
  `harga_produk` decimal(10,2) NOT NULL,
  `jumlah` int(11) NOT NULL,
  `kode_unik` varchar(50) NOT NULL,
  `total_harga` decimal(10,2) NOT NULL
) ENGINE=InnoDB DEFAULT CHARSET=utf8mb4;

--
-- Dumping data untuk tabel `transaksi_produk`
--

INSERT INTO `transaksi_produk` (`id`, `id_transaksi`, `nama_produk`, `harga_produk`, `jumlah`, `kode_unik`, `total_harga`) VALUES
(1, 77, 'ASUS A43J', '6000000.00', 1, 'LT001', '6000000.00'),
(2, 77, 'ASUS A43JSA', '10000000.00', 1, 'LT003', '10000000.00'),
(3, 78, 'ASUS A43JSA', '10000000.00', 2, 'LT003', '20000000.00'),
(4, 78, 'ASUS A43J', '6000000.00', 1, 'LT001', '6000000.00'),
(5, 79, 'ASUS A43J', '6000000.00', 1, 'LT001', '6000000.00'),
(6, 79, 'ASUS A43JSA', '10000000.00', 1, 'LT003', '10000000.00'),
(7, 80, 'ASUS A43JSA', '10000000.00', 1, 'LT003', '10000000.00'),
(9, 82, 'ASUS A43JSA', '10000000.00', 1, 'LT003', '10000000.00'),
(10, 83, 'ASUS A43JSA', '10000000.00', 1, 'LT003', '10000000.00'),
(11, 83, 'ASUS A43J', '6000000.00', 1, 'LT001', '6000000.00'),
(12, 84, 'ASUS A43J', '99999999.99', 1, 'LT001', '99999999.99'),
(13, 84, 'ASUS A43JSA', '99999999.99', 1, 'LT003', '99999999.99'),
(14, 85, 'ASUS A43J', '99999999.99', 1, 'LT001', '99999999.99'),
(15, 85, 'ASUS A43JSA', '99999999.99', 1, 'LT003', '99999999.99'),
(16, 86, 'ASUS A43J', '6000000.00', 1, 'LT001', '6000000.00'),
(17, 86, 'ASUS A43JSA', '6000000.00', 1, 'LT003', '6000000.00'),
(18, 87, 'ASUS A43JSA', '6000000.00', 2, 'LT003', '12000000.00'),
(19, 88, 'ASUS A43JSA', '6000000.00', 2, 'LT003', '12000000.00'),
(20, 89, 'ASUS A43J', '6000000.00', 2, 'LT001', '12000000.00'),
(21, 89, 'ASUS A43JSA', '6000000.00', 1, 'LT003', '6000000.00'),
(22, 90, 'ASUS A43J', '6000000.00', 1, 'LT001', '6000000.00'),
(23, 90, 'ASUS A43JSA', '6000000.00', 1, 'LT003', '6000000.00'),
(24, 91, 'ASUS A43JSA', '6000000.00', 1, 'LT003', '6000000.00'),
(25, 92, 'ASUS A43J', '6000000.00', 1, 'LT001', '6000000.00'),
(26, 92, 'ASUS A43JSA', '6000000.00', 1, 'LT003', '6000000.00');

-- --------------------------------------------------------

--
-- Struktur dari tabel `users`
--

CREATE TABLE `users` (
  `id` int(11) NOT NULL,
  `username` varchar(50) NOT NULL,
  `password` varchar(255) NOT NULL,
  `role` enum('admin','kasir','owner') NOT NULL
) ENGINE=InnoDB DEFAULT CHARSET=utf8mb4;

--
-- Dumping data untuk tabel `users`
--

INSERT INTO `users` (`id`, `username`, `password`, `role`) VALUES
(1, 'admin', '123', 'admin'),
(2, 'galang12', '11', 'kasir'),
(3, 'bos', '123', 'owner'),
(4, 'rendie', '11', 'owner'),
(5, 'angela', '11', 'kasir'),
(7, 'arifin', '123', 'owner');

--
-- Indexes for dumped tables
--

--
-- Indeks untuk tabel `log_activity`
--
ALTER TABLE `log_activity`
  ADD PRIMARY KEY (`id`),
  ADD KEY `user_id` (`user_id`);

--
-- Indeks untuk tabel `products`
--
ALTER TABLE `products`
  ADD PRIMARY KEY (`id`);

--
-- Indeks untuk tabel `transaksi`
--
ALTER TABLE `transaksi`
  ADD PRIMARY KEY (`id`);

--
-- Indeks untuk tabel `transaksi_produk`
--
ALTER TABLE `transaksi_produk`
  ADD PRIMARY KEY (`id`),
  ADD KEY `id_transaksi` (`id_transaksi`);

--
-- Indeks untuk tabel `users`
--
ALTER TABLE `users`
  ADD PRIMARY KEY (`id`);

--
-- AUTO_INCREMENT untuk tabel yang dibuang
--

--
-- AUTO_INCREMENT untuk tabel `log_activity`
--
ALTER TABLE `log_activity`
  MODIFY `id` int(11) NOT NULL AUTO_INCREMENT;

--
-- AUTO_INCREMENT untuk tabel `products`
--
ALTER TABLE `products`
  MODIFY `id` int(11) NOT NULL AUTO_INCREMENT, AUTO_INCREMENT=5;

--
-- AUTO_INCREMENT untuk tabel `transaksi`
--
ALTER TABLE `transaksi`
  MODIFY `id` int(11) NOT NULL AUTO_INCREMENT, AUTO_INCREMENT=93;

--
-- AUTO_INCREMENT untuk tabel `transaksi_produk`
--
ALTER TABLE `transaksi_produk`
  MODIFY `id` int(11) NOT NULL AUTO_INCREMENT, AUTO_INCREMENT=27;

--
-- AUTO_INCREMENT untuk tabel `users`
--
ALTER TABLE `users`
  MODIFY `id` int(11) NOT NULL AUTO_INCREMENT, AUTO_INCREMENT=8;

--
-- Ketidakleluasaan untuk tabel pelimpahan (Dumped Tables)
--

--
-- Ketidakleluasaan untuk tabel `log_activity`
--
ALTER TABLE `log_activity`
  ADD CONSTRAINT `log_activity_ibfk_1` FOREIGN KEY (`user_id`) REFERENCES `users` (`id`) ON DELETE SET NULL;

--
-- Ketidakleluasaan untuk tabel `transaksi_produk`
--
ALTER TABLE `transaksi_produk`
  ADD CONSTRAINT `transaksi_produk_ibfk_1` FOREIGN KEY (`id_transaksi`) REFERENCES `transaksi` (`id`);
COMMIT;

/*!40101 SET CHARACTER_SET_CLIENT=@OLD_CHARACTER_SET_CLIENT */;
/*!40101 SET CHARACTER_SET_RESULTS=@OLD_CHARACTER_SET_RESULTS */;
/*!40101 SET COLLATION_CONNECTION=@OLD_COLLATION_CONNECTION */;
